-- phpMyAdmin SQL Dump
-- version 4.9.2
-- https://www.phpmyadmin.net/
--
-- Hôte : 127.0.0.1:3306
-- Généré le :  jeu. 09 jan. 2020 à 15:04
-- Version du serveur :  10.4.10-MariaDB
-- Version de PHP :  7.3.12

SET SQL_MODE = "NO_AUTO_VALUE_ON_ZERO";
SET AUTOCOMMIT = 0;
START TRANSACTION;
SET time_zone = "+00:00";


/*!40101 SET @OLD_CHARACTER_SET_CLIENT=@@CHARACTER_SET_CLIENT */;
/*!40101 SET @OLD_CHARACTER_SET_RESULTS=@@CHARACTER_SET_RESULTS */;
/*!40101 SET @OLD_COLLATION_CONNECTION=@@COLLATION_CONNECTION */;
/*!40101 SET NAMES utf8mb4 */;

--
-- Base de données :  `myblog`
--

-- --------------------------------------------------------

--
-- Structure de la table `comments`
--

DROP TABLE IF EXISTS `comments`;
CREATE TABLE IF NOT EXISTS `comments` (
  `id` int(11) NOT NULL AUTO_INCREMENT,
  `text` text NOT NULL,
  `id_member` int(11) NOT NULL,
  `id_post` int(11) NOT NULL,
  `signaled` tinyint(1) NOT NULL DEFAULT 0,
  PRIMARY KEY (`id`) USING BTREE,
  KEY `id_post` (`id_post`)
) ENGINE=InnoDB AUTO_INCREMENT=43 DEFAULT CHARSET=latin1;

--
-- Déchargement des données de la table `comments`
--

INSERT INTO `comments` (`id`, `text`, `id_member`, `id_post`, `signaled`) VALUES
(32, 'Très bonne intrigue !! Je recommande !', 5, 1, 1),
(33, 'Très jolie l\'Alaska, même au travers d\'une lecture.', 5, 1, 1),
(34, 'Ceci est un vilain commentaire !', 5, 1, 1),
(35, 'Ceci est un commentaire qui a été signaler par erreur !', 5, 1, 1),
(36, 'Très bonne intrigue !! Je recommande !', 9, 1, 0),
(37, 'L\'Alaska est très jolie, même au travers d\'une lecture !', 10, 1, 0),
(38, 'Très belle écriture !', 22, 2, 0),
(39, 'J\'apprécie ce premier chapitre', 22, 1, 0),
(40, 'tEST\r\n', 5, 1, 1),
(41, 'test2', 5, 1, 1),
(42, 'test', 10, 1, 1);

-- --------------------------------------------------------

--
-- Structure de la table `members`
--

DROP TABLE IF EXISTS `members`;
CREATE TABLE IF NOT EXISTS `members` (
  `id` int(11) NOT NULL AUTO_INCREMENT,
  `name` varchar(40) NOT NULL,
  `password` varchar(255) NOT NULL,
  `moderator` tinyint(1) NOT NULL DEFAULT 0,
  PRIMARY KEY (`id`)
) ENGINE=InnoDB AUTO_INCREMENT=24 DEFAULT CHARSET=latin1;

--
-- Déchargement des données de la table `members`
--

INSERT INTO `members` (`id`, `name`, `password`, `moderator`) VALUES
(5, 'admin', '$2y$10$wAl102gqK/qzY4JQtQY1a.qbKT0oMhV0rx8NFYaSWyZz6syxxsj2q', 1),
(9, 'Antoine', '$2y$10$w6DeDbn6q1C.IhLz8BH1v.UELeCFU14/8UNiwhP88gf5JS6o/OGJO', 0),
(10, 'Ethienne', '$2y$10$ixFHJwiJlCefw1M4XcsPHugcYIcSriyPkpkB0wzxfLoM7fvp//FAG', 0),
(22, 'Robert', '$2y$10$v7tVzQd2PlyIYxu4/03fnuBklTAmKUdHyrIworl5uOarpR4H0L22S', 0),
(23, 'test', '$2y$10$qMBC62JosNROJiOllCIw7eTc.V73lm1A1amJ1oxw0HZ.Y.jKVvwc6', 0);

-- --------------------------------------------------------

--
-- Structure de la table `post`
--

DROP TABLE IF EXISTS `post`;
CREATE TABLE IF NOT EXISTS `post` (
  `id` int(11) NOT NULL AUTO_INCREMENT,
  `title` varchar(255) NOT NULL,
  `text` text NOT NULL,
  PRIMARY KEY (`id`) USING BTREE
) ENGINE=InnoDB AUTO_INCREMENT=42 DEFAULT CHARSET=latin1;

--
-- Déchargement des données de la table `post`
--

INSERT INTO `post` (`id`, `title`, `text`) VALUES
(1, 'Chapitre 1 - L\'Alaska en ses début', '<p><strong>Primi igitur</strong> omnium statuuntur Epigonus et Eusebius ob nominum gentilitatem oppressi. praediximus enim Montium sub ipso vivendi termino his vocabulis appellatos fabricarum culpasse tribunos ut adminicula futurae molitioni pollicitos. Et prima post Osdroenam quam, ut dictum est, ab hac descriptione discrevimus, Commagena, nunc Euphratensis, clementer adsurgit, Hierapoli, vetere Nino et Samosata civitatibus amplis inlustris. Dum haec in oriente aguntur, Arelate hiemem agens Constantius post theatralis ludos atque circenses ambitioso editos apparatu diem sextum idus Octobres, qui imperii eius annum tricensimum terminabat, insolentiae pondera gravius librans, siquid dubium deferebatur aut falsum, pro liquido accipiens et conperto, inter alia excarnificatum Gerontium Magnentianae comitem partis exulari maerore multavit.</p>\r\n<p>Has autem provincias, quas Orontes ambiens amnis imosque pedes Cassii montis illius celsi praetermeans funditur in Parthenium mare, Gnaeus Pompeius superato Tigrane regnis Armeniorum abstractas dicioni Romanae coniunxit. Haec dum oriens diu perferret, caeli reserato tepore Constantius consulatu suo septies et Caesaris ter egressus Arelate Valentiam petit, in Gundomadum et Vadomarium fratres Alamannorum reges arma moturus, quorum crebris excursibus vastabantur confines limitibus terrae Gallorum. Incenderat autem audaces usque ad insaniam homines ad haec, quae nefariis egere conatibus, Luscus quidam curator urbis subito visus: eosque ut heiulans baiolorum praecentor ad expediendum quod orsi sunt incitans vocibus crebris. qui haut longe postea ideo vivus exustus est. Quod si rectum statuerimus vel concedere amicis, quidquid velint, vel impetrare ab iis, quidquid velimus, perfecta quidem sapientia si simus, nihil habeat res vitii; sed loquimur de iis amicis qui ante oculos sunt, quos vidimus aut de quibus memoriam accepimus, quos novit vita communis. Ex hoc numero nobis exempla sumenda sunt, et eorum quidem maxime qui ad sapientiam proxime accedunt.</p>\r\n<p>Eodem tempore Serenianus ex duce, cuius ignavia populatam in Phoenice Celsen ante rettulimus, pulsatae maiestatis imperii reus iure postulatus ac lege, incertum qua potuit suffragatione absolvi, aperte convictus familiarem suum cum pileo, quo caput operiebat, incantato vetitis artibus ad templum misisse fatidicum, quaeritatum expresse an ei firmum portenderetur imperium, ut cupiebat, et cunctum. Primi igitur omnium statuuntur Epigonus et Eusebius ob nominum gentilitatem oppressi. praediximus enim Montium sub ipso vivendi termino his vocabulis appellatos fabricarum culpasse tribunos ut adminicula futurae molitioni pollicitos. Haec igitur Epicuri non probo, inquam. De cetero vellem equidem aut ipse doctrinis fuisset instructior est enim, quod tibi ita videri necesse est, non satis politus iis artibus, quas qui tenent, eruditi appellantur aut ne deterruisset alios a studiis. quamquam te quidem video minime esse deterritum.</p>'),
(2, 'Chapitre 2 - La neige tombe', '<p>Haec dum oriens diu perferret, caeli reserato tepore Constantius consulatu suo septies et Caesaris ter egressus Arelate Valentiam petit, in Gundomadum et Vadomarium fratres Alamannorum reges arma moturus, quorum crebris excursibus vastabantur confines limitibus terrae Gallorum.\r\nOb haec et huius modi multa, quae cernebantur in paucis, omnibus timeri sunt coepta. et ne tot malis dissimulatis paulatimque serpentibus acervi crescerent aerumnarum, nobilitatis decreto legati mittuntur: Praetextatus ex urbi praefecto et ex vicario Venustus et ex consulari Minervius oraturi, ne delictis supplicia sint grandiora, neve senator quisquam inusitato et inlicito more tormentis exponeretur.\r\nIpsam vero urbem Byzantiorum fuisse refertissimam atque ornatissimam signis quis ignorat? Quae illi, exhausti sumptibus bellisque maximis, cum omnis Mithridaticos impetus totumque Pontum armatum affervescentem in Asiam atque erumpentem, ore repulsum et cervicibus interclusum suis sustinerent, tum, inquam, Byzantii et postea signa illa et reliqua urbis ornanemta sanctissime custodita tenuerunt.\r\n</p><p>\r\nAt nunc si ad aliquem bene nummatum tumentemque ideo honestus advena salutatum introieris, primitus tamquam exoptatus suscipieris et interrogatus multa coactusque mentiri, miraberis numquam antea visus summatem virum tenuem te sic enixius observantem, ut paeniteat ob haec bona tamquam praecipua non vidisse ante decennium Romam.\r\n\r\nCyprum itidem insulam procul a continenti discretam et portuosam inter municipia crebra urbes duae faciunt claram Salamis et Paphus, altera Iovis delubris altera Veneris templo insignis. tanta autem tamque multiplici fertilitate abundat rerum omnium eadem Cyprus ut nullius externi indigens adminiculi indigenis viribus a fundamento ipso carinae ad supremos usque carbasos aedificet onerariam navem omnibusque armamentis instructam mari committat.</p>'),
(3, 'Chapitre 3 - L\'homme au visage sombre', '<p>Alii nullo quaerente vultus severitate adsimulata patrimonia sua in inmensum extollunt, cultorum ut puta feracium multiplicantes annuos fructus, quae a primo ad ultimum solem se abunde iactitant possidere, ignorantes profecto maiores suos, per quos ita magnitudo Romana porrigitur, non divitiis eluxisse sed per bella saevissima, nec opibus nec victu nec indumentorum vilitate gregariis militibus discrepantes opposita cuncta superasse virtute.\r\n\r\nAccenderat super his incitatum propositum ad nocendum aliqua mulier vilis, quae ad palatium ut poposcerat intromissa insidias ei latenter obtendi prodiderat a militibus obscurissimis. quam Constantina exultans ut in tuto iam locata mariti salute muneratam vehiculoque inpositam per regiae ianuas emisit in publicum, ut his inlecebris alios quoque ad indicanda proliceret paria vel maiora.\r\n</p><p>\r\nAccenderat super his incitatum propositum ad nocendum aliqua mulier vilis, quae ad palatium ut poposcerat intromissa insidias ei latenter obtendi prodiderat a militibus obscurissimis. quam Constantina exultans ut in tuto iam locata mariti salute muneratam vehiculoque inpositam per regiae ianuas emisit in publicum, ut his inlecebris alios quoque ad indicanda proliceret paria vel maiora.\r\n\r\nSuperatis Tauri montis verticibus qui ad solis ortum sublimius attolluntur, Cilicia spatiis porrigitur late distentis dives bonis omnibus terra, eiusque lateri dextro adnexa Isauria, pari sorte uberi palmite viget et frugibus minutis, quam mediam navigabile flumen Calycadnus interscindit.\r\n\r\nEt quia Mesopotamiae tractus omnes crebro inquietari sueti praetenturis et stationibus servabantur agrariis, laevorsum flexo itinere Osdroenae subsederat extimas partes, novum parumque aliquando temptatum commentum adgressus. quod si impetrasset, fulminis modo cuncta vastarat. erat autem quod cogitabat huius modi.\r\n\r\nHaec ubi latius fama vulgasset missaeque relationes adsiduae Gallum Caesarem permovissent, quoniam magister equitum longius ea tempestate distinebatur, iussus comes orientis Nebridius contractis undique militaribus copiis ad eximendam periculo civitatem amplam et oportunam studio properabat ingenti, quo cognito abscessere latrones nulla re amplius memorabili gesta, dispersique ut solent avia montium petiere celsorum.\r\n\r\nCirca hos dies Lollianus primae lanuginis adulescens, Lampadi filius ex praefecto, exploratius causam Maximino spectante, convictus codicem noxiarum artium nondum per aetatem firmato consilio descripsisse, exulque mittendus, ut sperabatur, patris inpulsu provocavit ad principem, et iussus ad eius comitatum duci, de fumo, ut aiunt, in flammam traditus Phalangio Baeticae consulari cecidit funesti carnificis manu.\r\n</p><p>\r\nEodem tempore etiam Hymetii praeclarae indolis viri negotium est actitatum, cuius hunc novimus esse textum. cum Africam pro consule regeret Carthaginiensibus victus inopia iam lassatis, ex horreis Romano populo destinatis frumentum dedit, pauloque postea cum provenisset segetum copia, integre sine ulla restituit mora.\r\n\r\nCognitis enim pilatorum caesorumque funeribus nemo deinde ad has stationes appulit navem, sed ut Scironis praerupta letalia declinantes litoribus Cypriis contigui navigabant, quae Isauriae scopulis sunt controversa.\r\n\r\nHomines enim eruditos et sobrios ut infaustos et inutiles vitant, eo quoque accedente quod et nomenclatores adsueti haec et talia venditare, mercede accepta lucris quosdam et prandiis inserunt subditicios ignobiles et obscuros.</p>'),
(41, 'Chapitre 4 - Perdu dans ce blanc', '<p>Nam sole orto magnitudine angusti gurgitis sed profundi a transitu arcebantur et dum piscatorios quaerunt lenunculos vel innare temere contextis cratibus parant, effusae legiones, quae hiemabant tunc apud Siden, isdem impetu occurrere veloci. et signis prope ripam locatis ad manus comminus conserendas denseta scutorum conpage semet scientissime praestruebant, ausos quoque aliquos fiducia nandi vel cavatis arborum truncis amnem permeare latenter facillime trucidarunt. Altera sententia est, quae definit amicitiam paribus officiis ac voluntatibus. Hoc quidem est nimis exigue et exiliter ad calculos vocare amicitiam, ut par sit ratio acceptorum et datorum. Divitior mihi et affluentior videtur esse vera amicitia nec observare restricte, ne plus reddat quam acceperit; neque enim verendum est, ne quid excidat, aut ne quid in terram defluat, aut ne plus aequo quid in amicitiam congeratur. Haec et huius modi quaedam innumerabilia ultrix facinorum impiorum bonorumque praemiatrix aliquotiens operatur Adrastia atque utinam semper quam vocabulo duplici etiam Nemesim appellamus: ius quoddam sublime numinis efficacis, humanarum mentium opinione lunari circulo superpositum, vel ut definiunt alii, substantialis tutela generali potentia partilibus praesidens fatis, quam theologi veteres fingentes Iustitiae filiam ex abdita quadam aeternitate tradunt omnia despectare terrena.</p>');

--
-- Contraintes pour les tables déchargées
--

--
-- Contraintes pour la table `comments`
--
ALTER TABLE `comments`
  ADD CONSTRAINT `comments_ibfk_1` FOREIGN KEY (`id_post`) REFERENCES `post` (`id`) ON DELETE CASCADE ON UPDATE CASCADE;
COMMIT;

/*!40101 SET CHARACTER_SET_CLIENT=@OLD_CHARACTER_SET_CLIENT */;
/*!40101 SET CHARACTER_SET_RESULTS=@OLD_CHARACTER_SET_RESULTS */;
/*!40101 SET COLLATION_CONNECTION=@OLD_COLLATION_CONNECTION */;
