-- phpMyAdmin SQL Dump
-- version 4.9.2
-- https://www.phpmyadmin.net/
--
-- Hôte : 127.0.0.1:3306
-- Généré le :  ven. 03 jan. 2020 à 23:25
-- Version du serveur :  10.4.10-MariaDB
-- Version de PHP :  7.3.12

SET SQL_MODE = "NO_AUTO_VALUE_ON_ZERO";
SET AUTOCOMMIT = 0;
START TRANSACTION;
SET time_zone = "+00:00";


/*!40101 SET @OLD_CHARACTER_SET_CLIENT=@@CHARACTER_SET_CLIENT */;
/*!40101 SET @OLD_CHARACTER_SET_RESULTS=@@CHARACTER_SET_RESULTS */;
/*!40101 SET @OLD_COLLATION_CONNECTION=@@COLLATION_CONNECTION */;
/*!40101 SET NAMES utf8mb4 */;

--
-- Base de données :  `myblog`
--

-- --------------------------------------------------------

--
-- Structure de la table `comments`
--

DROP TABLE IF EXISTS `comments`;
CREATE TABLE IF NOT EXISTS `comments` (
  `id` int(11) NOT NULL AUTO_INCREMENT,
  `text` text NOT NULL,
  `id_member` int(11) NOT NULL,
  `id_post` int(11) NOT NULL,
  `signaled` tinyint(1) NOT NULL DEFAULT 0,
  PRIMARY KEY (`id`) USING BTREE,
  KEY `id_post` (`id_post`)
) ENGINE=InnoDB AUTO_INCREMENT=17 DEFAULT CHARSET=latin1;

--
-- Déchargement des données de la table `comments`
--

INSERT INTO `comments` (`id`, `text`, `id_member`, `id_post`, `signaled`) VALUES
(1, 'Très jolie histoire', 7, 1, 1),
(2, 'test', 5, 1, 1),
(3, 'test2', 5, 1, 1),
(4, 'test3', 5, 1, 1),
(5, 'test4', 5, 1, 1),
(6, 'test5', 5, 1, 1),
(7, 'test7', 5, 1, 0),
(8, 'test', 5, 2, 0),
(9, 'test\r\n', 5, 1, 0),
(10, 'tfhf', 5, 1, 0),
(11, 'tfhf', 5, 1, 0),
(12, 'iookiopi', 5, 1, 1),
(13, 'Ceci est un commentaire supprimé', 5, 2, 0);

-- --------------------------------------------------------

--
-- Structure de la table `members`
--

DROP TABLE IF EXISTS `members`;
CREATE TABLE IF NOT EXISTS `members` (
  `id` int(11) NOT NULL AUTO_INCREMENT,
  `name` varchar(40) NOT NULL,
  `password` varchar(255) NOT NULL,
  `moderator` tinyint(1) NOT NULL DEFAULT 0,
  PRIMARY KEY (`id`)
) ENGINE=InnoDB AUTO_INCREMENT=8 DEFAULT CHARSET=latin1;

--
-- Déchargement des données de la table `members`
--

INSERT INTO `members` (`id`, `name`, `password`, `moderator`) VALUES
(5, 'admin', '$2y$10$wAl102gqK/qzY4JQtQY1a.qbKT0oMhV0rx8NFYaSWyZz6syxxsj2q', 1),
(7, 'antoine', '$2y$10$jPJ2KZpGEFQWKbmzbPLIbOmmTQ4MIp4S/uPWwqjXf1rDDAkcwDhaq', 0);

-- --------------------------------------------------------

--
-- Structure de la table `post`
--

DROP TABLE IF EXISTS `post`;
CREATE TABLE IF NOT EXISTS `post` (
  `id` int(11) NOT NULL AUTO_INCREMENT,
  `title` varchar(255) NOT NULL,
  `text` text NOT NULL,
  PRIMARY KEY (`id`) USING BTREE
) ENGINE=InnoDB AUTO_INCREMENT=36 DEFAULT CHARSET=latin1;

--
-- Déchargement des données de la table `post`
--

INSERT INTO `post` (`id`, `title`, `text`) VALUES
(1, 'Chapitre 1 - Le commencement', 'Soleo saepe ante oculos ponere, idque libenter crebris usurpare sermonibus, omnis nostrorum imperatorum, omnis exterarum gentium potentissimorumque populorum, omnis clarissimorum regum res gestas, cum tuis nec contentionum magnitudine nec numero proeliorum nec varietate regionum nec celeritate conficiendi nec dissimilitudine bellorum posse conferri; nec vero disiunctissimas terras citius passibus cuiusquam potuisse peragrari, quam tuis non dicam cursibus, sed victoriis lustratae sunt. Soleo saepe ante oculos ponere, idque libenter crebris usurpare sermonibus, omnis nostrorum imperatorum, omnis exterarum gentium potentissimorumque populorum, omnis clarissimorum regum res gestas, cum tuis nec contentionum magnitudine nec numero proeliorum nec varietate regionum nec celeritate conficiendi nec dissimilitudine bellorum posse conferri; nec vero disiunctissimas terras citius passibus cuiusquam potuisse peragrari, quam tuis non dicam cursibus, sed victoriis lustratae sunt. Soleo saepe ante oculos ponere, idque libenter crebris usurpare sermonibus, omnis nostrorum imperatorum, omnis exterarum gentium potentissimorumque populorum, omnis clarissimorum regum res gestas, cum tuis nec contentionum magnitudine nec numero proeliorum nec varietate regionum nec celeritate conficiendi nec dissimilitudine bellorum posse conferri; nec vero disiunctissimas terras citius passibus cuiusquam potuisse peragrari, quam tuis non dicam cursibus, sed victoriis lustratae sunt.'),
(2, 'Chapitre 2 - L\'Alaska en blanc', 'Cyprum itidem insulam procul a continenti discretam et portuosam inter municipia crebra urbes duae faciunt claram Salamis et Paphus, altera Iovis delubris altera Veneris templo insignis. tanta autem tamque multiplici fertilitate abundat rerum omnium eadem Cyprus ut nullius externi indigens adminiculi indigenis viribus a fundamento ipso carinae ad supremos usque carbasos aedificet onerariam navem omnibusque armamentis instructam mari committat. Cyprum itidem insulam procul a continenti discretam et portuosam inter municipia crebra urbes duae faciunt claram Salamis et Paphus, altera Iovis delubris altera Veneris templo insignis. tanta autem tamque multiplici fertilitate abundat rerum omnium eadem Cyprus ut nullius externi indigens adminiculi indigenis viribus a fundamento ipso carinae ad supremos usque carbasos aedificet onerariam navem omnibusque armamentis instructam mari committat. Cyprum itidem insulam procul a continenti discretam et portuosam inter municipia crebra urbes duae faciunt claram Salamis et Paphus, altera Iovis delubris altera Veneris templo insignis. tanta autem tamque multiplici fertilitate abundat rerum omnium eadem Cyprus ut nullius externi indigens adminiculi indigenis viribus a fundamento ipso carinae ad supremos usque carbasos aedificet onerariam navem omnibusque armamentis instructam mari committat.'),
(3, 'Chapitre 3 - Renaître en eau pure', 'Illud autem non dubitatur quod cum esset aliquando virtutum omnium domicilium Roma, ingenuos advenas plerique nobilium, ut Homerici bacarum suavitate Lotophagi, humanitatis multiformibus officiis retentabant.\r\n\r\nCum autem commodis intervallata temporibus convivia longa et noxia coeperint apparari vel distributio sollemnium sportularum, anxia deliberatione tractatur an exceptis his quibus vicissitudo debetur, peregrinum invitari conveniet, et si digesto plene consilio id placuerit fieri, is adhibetur qui pro domibus excubat aurigarum aut artem tesserariam profitetur aut secretiora quaedam se nosse confingit.\r\n\r\nTantum autem cuique tribuendum, primum quantum ipse efficere possis, deinde etiam quantum ille quem diligas atque adiuves, sustinere. Non enim neque tu possis, quamvis excellas, omnes tuos ad honores amplissimos perducere, ut Scipio P. Rupilium potuit consulem efficere, fratrem eius L. non potuit. Quod si etiam possis quidvis deferre ad alterum, videndum est tamen, quid ille possit sustinere.'),
(7, 'Chapitre 4 - Un hiver long', 'Nam sole orto magnitudine angusti gurgitis sed profundi a transitu arcebantur et dum piscatorios quaerunt lenunculos vel innare temere contextis cratibus parant, effusae legiones, quae hiemabant tunc apud Siden, isdem impetu occurrere veloci. et signis prope ripam locatis ad manus comminus conserendas denseta scutorum conpage semet scientissime praestruebant, ausos quoque aliquos fiducia nandi vel cavatis arborum truncis amnem permeare latenter facillime trucidarunt.\r\n\r\nAltera sententia est, quae definit amicitiam paribus officiis ac voluntatibus. Hoc quidem est nimis exigue et exiliter ad calculos vocare amicitiam, ut par sit ratio acceptorum et datorum. Divitior mihi et affluentior videtur esse vera amicitia nec observare restricte, ne plus reddat quam acceperit; neque enim verendum est, ne quid excidat, aut ne quid in terram defluat, aut ne plus aequo quid in amicitiam congeratur.\r\n\r\nHaec et huius modi quaedam innumerabilia ultrix facinorum impiorum bonorumque praemiatrix aliquotiens operatur Adrastia atque utinam semper quam vocabulo duplici etiam Nemesim appellamus: ius quoddam sublime numinis efficacis, humanarum mentium opinione lunari circulo superpositum, vel ut definiunt alii, substantialis tutela generali potentia partilibus praesidens fatis, quam theologi veteres fingentes Iustitiae filiam ex abdita quadam aeternitate tradunt omnia despectare terrena.test');

--
-- Contraintes pour les tables déchargées
--

--
-- Contraintes pour la table `comments`
--
ALTER TABLE `comments`
  ADD CONSTRAINT `comments_ibfk_1` FOREIGN KEY (`id_post`) REFERENCES `post` (`id`) ON DELETE CASCADE ON UPDATE CASCADE;
COMMIT;

/*!40101 SET CHARACTER_SET_CLIENT=@OLD_CHARACTER_SET_CLIENT */;
/*!40101 SET CHARACTER_SET_RESULTS=@OLD_CHARACTER_SET_RESULTS */;
/*!40101 SET COLLATION_CONNECTION=@OLD_COLLATION_CONNECTION */;
